id;images;images_content_type;description
1;../fake-data/blob/hipster.png;image/png;extensible Direct 24
2;../fake-data/blob/hipster.png;image/png;driver
3;../fake-data/blob/hipster.png;image/png;Shoes Nuevo Ergonomic
4;../fake-data/blob/hipster.png;image/png;program Automotive Pizza
5;../fake-data/blob/hipster.png;image/png;back-end parsing
6;../fake-data/blob/hipster.png;image/png;definition circuit
7;../fake-data/blob/hipster.png;image/png;Florida
8;../fake-data/blob/hipster.png;image/png;e-commerce South Unbranded
9;../fake-data/blob/hipster.png;image/png;Fresh
10;../fake-data/blob/hipster.png;image/png;bypass
